id,tokens,ner_tags
0,"                           Mathématicien


     <PER> CLÉON Ier </PER> — ... dernier <PER> Empereur </PER> galactique de la
dynastie Entun.","[0, 0, 0, 2, 2, 2, 2, 2, 0, 0, 0, 2, 2, 2, 0, 0, 0, 0, 0, 0, 0, 0, 0, 0]"
1,"Né en l’an 11988 de l’Ère Galactique, la même
année que <PER> Hari Seldon </PER> .","[0, 0, 0, 0, 0, 0, 0, 0, 0, 0, 0, 0, 0, 0, 0, 0, 0, 0, 0, 0, 0, 2, 2, 2, 2, 2, 0, 0]"
2,"(On pense que la date de naissance de
<PER> Seldon </PER> , que certains estiment douteuse, aurait pu être
« ajustée » pour coïncider avec celle de <PER> Cléon </PER>  que <PER> Seldon </PER> , peu
après son arrivée sur Trantor, est censé avoir rencontré.)","[0, 0, 0, 0, 0, 0, 0, 0, 0, 2, 2, 2, 0, 0, 0, 0, 0, 0, 0, 0, 0, 0, 0, 0, 0, 0, 0, 0, 0, 0, 0, 0, 0, 2, 2, 2, 0, 2, 2, 2, 0, 0, 0, 0, 0, 0, 0, 0, 0, 0, 0, 0, 0, 0, 0, 0]"
3,"<PER> Cléon </PER>  est monté sur le trône impérial en 12010, à l’âge de
vingt-deux ans, et son règne représente un étrange intervalle
de calme dans ces temps troublés.","[2, 2, 2, 0, 0, 0, 0, 0, 0, 0, 0, 0, 0, 0, 0, 0, 0, 0, 0, 0, 0, 0, 0, 0, 0, 0, 0, 0, 0, 0, 0, 0, 0, 0, 0, 0, 0, 0, 0]"
4,"Cela est dû sans aucun doute
aux talents de son chef d’état-major, <PER> Eto Demerzel </PER> , qui sut si
bien se dissimuler à la curiosité médiatique que l’on a fort peu
de renseignements à son sujet.","[0, 0, 0, 0, 0, 0, 0, 0, 0, 0, 0, 0, 0, 0, 0, 0, 0, 2, 2, 2, 2, 2, 2, 0, 0, 0, 0, 0, 0, 0, 0, 0, 0, 0, 0, 0, 0, 0, 0, 0, 0, 0, 0, 0, 0, 0, 0, 0, 0]"
5,"<PER> Cléon </PER> , quant à lui...
                                       ENCYCLOPAEDIA GALACTICA2






     Étouffant un léger bâillement, <PER> Cléon </PER>  demanda :
« <PER> Demerzel </PER> , auriez-vous, par hasard, entendu parler d’un
certain <PER> Hari Seldon </PER>  ?","[2, 2, 2, 0, 0, 0, 0, 0, 0, 0, 0, 0, 0, 0, 0, 0, 0, 0, 0, 0, 0, 0, 0, 0, 0, 0, 0, 0, 0, 0, 0, 2, 2, 2, 0, 0, 0, 2, 2, 2, 2, 0, 0, 0, 0, 0, 0, 0, 0, 0, 0, 0, 0, 0, 0, 0, 2, 2, 2, 2, 2, 0]"
6,"»
     <PER> Cléon </PER>  était empereur depuis dix ans à peine et, quand le
protocole l’exigeait, il y avait des moments où, pourvu qu’il fût
revêtu des atours et ornements idoines, il réussissait à paraître
majestueux.","[0, 2, 2, 2, 0, 0, 0, 0, 0, 0, 0, 0, 0, 0, 0, 0, 0, 0, 0, 0, 0, 0, 0, 0, 0, 0, 0, 0, 0, 0, 0, 0, 0, 0, 0, 0, 0, 0, 0, 0, 0, 0, 0, 0, 0, 0, 0, 0, 0, 0, 0, 0, 0]"
7,"Il y était arrivé, par exemple, pour son portrait

     2 Toutes les citations de l'Encyclopaedia Galactica reproduites ici
proviennent de la 116e édition, publiée en 1020 E.F. par la Société
d’édition de l'Encyclopaedia Galactica, Terminus, avec l'aimable
autorisation des éditeurs.","[0, 0, 0, 0, 0, 0, 0, 0, 0, 0, 0, 0, 0, 0, 0, 0, 0, 0, 0, 0, 0, 0, 0, 0, 0, 0, 0, 0, 0, 0, 0, 0, 0, 0, 0, 0, 0, 0, 0, 0, 0, 0, 0, 0, 0, 0, 0, 0, 0, 0, 0, 0, 0, 0, 0, 0, 0, 0, 0, 0, 0, 0, 0, 0, 0, 0, 0, 0, 0, 0, 0, 0, 0, 0, 0, 0, 0]"
8,"semblerait malgré tout qu’il puisse encore arriver des choses
intéressantes.","[0, 0, 0, 0, 0, 0, 0, 0, 0, 0, 0, 0, 0]"
9,"Du moins, à ce que j’ai entendu dire.","[0, 0, 0, 0, 0, 0, 0, 0, 0, 0, 0, 0]"
10,— Par le ministre des Sciences ?,"[0, 0, 0, 0, 0, 0, 0]"
11,— Effectivement.,"[0, 0, 0]"
12,"Il m’a appris que ce <PER> Hari Seldon </PER>  a assisté
à un congrès de mathématiciens ici même, à Trantor – ils
l’organisent tous les dix ans, pour je ne sais quelle raison ; il
aurait démontré qu’on peut prévoir mathématiquement
l’avenir.","[0, 0, 0, 0, 0, 0, 0, 2, 2, 2, 2, 2, 0, 0, 0, 0, 0, 0, 0, 0, 0, 0, 0, 0, 0, 0, 0, 0, 0, 0, 0, 0, 0, 0, 0, 0, 0, 0, 0, 0, 0, 0, 0, 0, 0, 0, 0, 0, 0, 0, 0, 0, 0, 0, 0, 0, 0, 0]"
13,"»
     <PER> Demerzel </PER>  se permit un petit sourire.","[0, 2, 2, 2, 2, 0, 0, 0, 0, 0, 0]"
14,"« Ou le ministre des
Sciences, homme sans grande jugeote, a été induit en erreur, ou
ce mathématicien s’est trompé.","[0, 0, 0, 0, 0, 0, 0, 0, 0, 0, 0, 0, 0, 0, 0, 0, 0, 0, 0, 0, 0, 0, 0, 0, 0, 0, 0]"
15,"Il ne fait aucun doute que cette
histoire de prédiction de l’avenir relève d’un puéril rêve de
magie.","[0, 0, 0, 0, 0, 0, 0, 0, 0, 0, 0, 0, 0, 0, 0, 0, 0, 0, 0, 0, 0, 0, 0, 0, 0]"
16,"— En êtes-vous sûr, <PER> Demerzel </PER>  ?","[0, 0, 0, 0, 0, 0, 0, 2, 2, 2, 2, 0]"
17,"Les gens croient ce genre
de chose.","[0, 0, 0, 0, 0, 0, 0, 0]"
18,"— Les gens croient bien des choses, <PER> Sire </PER>  !","[0, 0, 0, 0, 0, 0, 0, 0, 2, 2, 2, 0]"
19,— Mais particulièrement celle-ci.,"[0, 0, 0, 0, 0, 0, 0, 0]"
20,"Par conséquent, peu
importe que la prédiction de l’avenir soit ou non une réalité,
n’est-ce pas ?","[0, 0, 0, 0, 0, 0, 0, 0, 0, 0, 0, 0, 0, 0, 0, 0, 0, 0, 0, 0, 0, 0, 0, 0, 0]"
21,"Si un mathématicien devait me prédire un règne
long et heureux, et pour l’Empire une ère de paix et de
prospérité... eh bien, ne serait-ce pas une bonne chose ?","[0, 0, 0, 0, 0, 0, 0, 0, 0, 0, 0, 0, 0, 0, 0, 0, 0, 0, 0, 0, 0, 0, 0, 0, 0, 0, 0, 0, 0, 0, 0, 0, 0, 0, 0, 0, 0]"
22,"— Ce serait assurément agréable à entendre, mais ça nous
avancerait à quoi, <PER> Sire </PER>  ?","[0, 0, 0, 0, 0, 0, 0, 0, 0, 0, 0, 0, 0, 0, 0, 0, 2, 2, 2, 0]"
23,"— Eh bien, si les gens croyaient ça, ils agiraient
certainement selon cette croyance.","[0, 0, 0, 0, 0, 0, 0, 0, 0, 0, 0, 0, 0, 0, 0, 0, 0, 0]"
24,"Bien des prophéties, par la
seule force de la croyance qu’elles engendrent, se sont muées en
réalité.","[0, 0, 0, 0, 0, 0, 0, 0, 0, 0, 0, 0, 0, 0, 0, 0, 0, 0, 0, 0, 0, 0, 0, 0, 0]"
25,"Ce sont ce qu’on appelle des « prophéties auto-
accomplissantes ».","[0, 0, 0, 0, 0, 0, 0, 0, 0, 0, 0, 0, 0, 0, 0, 0, 0]"
26,"D’ailleurs, maintenant que j’y pense, c’est
même vous qui me l’avez expliqué un jour.","[0, 0, 0, 0, 0, 0, 0, 0, 0, 0, 0, 0, 0, 0, 0, 0, 0, 0, 0, 0, 0, 0, 0, 0, 0]"
27,"— Je le crois bien, <PER> Sire </PER>  », répondit <PER> Demerzel </PER> .","[0, 0, 0, 0, 0, 0, 2, 2, 2, 0, 0, 2, 2, 2, 2, 0, 0]"
28,"Ses yeux
scrutaient attentivement <PER> l’Empereur </PER> , comme pour voir jusqu’où
il pouvait se permettre d’aller.","[0, 0, 0, 0, 0, 2, 2, 2, 2, 0, 0, 0, 0, 0, 0, 0, 0, 0, 0, 0, 0, 0, 0, 0, 0]"
29,"« Pourtant, s’il devait en être
ainsi, n’importe qui pourrait prophétiser.","[0, 0, 0, 0, 0, 0, 0, 0, 0, 0, 0, 0, 0, 0, 0, 0, 0, 0, 0, 0, 0]"
30,"— Les prophètes ne seraient pas tous également crédibles,
<PER> Demerzel </PER> .","[0, 0, 0, 0, 0, 0, 0, 0, 0, 0, 0, 0, 2, 2, 2, 2, 0, 0]"
31,"Pourtant un mathématicien, capable de soutenir sa
prophétie à coups de formules et de terminologie, pourrait bien
n’être compréhensible pour personne et néanmoins crédible
pour tout le monde.","[0, 0, 0, 0, 0, 0, 0, 0, 0, 0, 0, 0, 0, 0, 0, 0, 0, 0, 0, 0, 0, 0, 0, 0, 0, 0, 0, 0, 0, 0, 0, 0, 0]"
32,"— Comme toujours, <PER> Sire </PER> , remarqua <PER> Demerzel </PER> , vous faites
preuve de bon sens.","[0, 0, 0, 0, 2, 2, 2, 0, 0, 0, 2, 2, 2, 2, 0, 0, 0, 0, 0, 0, 0, 0, 0]"
33,"Nous vivons en des temps troublés et il ne
      « <PER> Lieutenant Alban Wellis </PER> , dit l’officier de la garde
impériale avant de ranger sa carte.","[0, 0, 0, 0, 0, 0, 0, 0, 0, 0, 0, 2, 2, 2, 2, 2, 0, 0, 0, 0, 0, 0, 0, 0, 0, 0, 0, 0, 0, 0, 0, 0]"
34,"Voulez-vous bien me suivre,
monsieur ?","[0, 0, 0, 0, 0, 0, 0, 0, 0]"
35,"»
      <PER> Wellis </PER>  était armé, bien sûr.","[0, 2, 2, 2, 0, 0, 0, 0, 0, 0]"
36,"Et deux autres gardes
attendaient devant sa porte.","[0, 0, 0, 0, 0, 0, 0, 0, 0]"
37,"<PER> Seldon </PER>  savait qu’il n’avait pas le
choix, nonobstant les circonlocutions polies de l’autre, mais rien
ne lui interdisait de chercher à en savoir plus : « Pour voir
<PER> l’Empereur </PER>  ?","[2, 2, 2, 0, 0, 0, 0, 0, 0, 0, 0, 0, 0, 0, 0, 0, 0, 0, 0, 0, 0, 0, 0, 0, 0, 0, 0, 0, 0, 0, 0, 0, 0, 0, 0, 0, 0, 0, 0, 0, 0, 0, 0, 0, 0, 0, 2, 2, 2, 2, 0]"
38,"— Pour être conduit au Palais, monsieur.","[0, 0, 0, 0, 0, 0, 0, 0, 0]"
39,"Tels sont les
ordres que j’ai reçus.","[0, 0, 0, 0, 0, 0, 0, 0, 0, 0, 0]"
40,— Mais pourquoi ?,"[0, 0, 0, 0]"
41,— On ne me l’a pas dit.,"[0, 0, 0, 0, 0, 0, 0, 0, 0, 0]"
42,"Et mes ordres sont stricts : vous
devez me suivre... d’une manière ou de l’autre.","[0, 0, 0, 0, 0, 0, 0, 0, 0, 0, 0, 0, 0, 0, 0, 0, 0, 0, 0, 0, 0, 0]"
43,— Mais cela ressemble fort à une arrestation.,"[0, 0, 0, 0, 0, 0, 0, 0, 0, 0]"
44,"Je n’ai
pourtant rien commis de répréhensible.","[0, 0, 0, 0, 0, 0, 0, 0, 0, 0, 0, 0, 0]"
45,"— Disons plutôt, monsieur, que l’on vous fournit une garde
d’honneur, si vous ne tardez pas davantage.","[0, 0, 0, 0, 0, 0, 0, 0, 0, 0, 0, 0, 0, 0, 0, 0, 0, 0, 0, 0, 0, 0, 0, 0, 0, 0]"
46,"»
      <PER> Seldon </PER>  ne tarda pas plus.","[0, 2, 2, 2, 0, 0, 0, 0, 0, 0]"
47,"Il pinça les lèvres, comme pour
retenir de nouvelles questions, hocha la tête, avança d’un pas.","[0, 0, 0, 0, 0, 0, 0, 0, 0, 0, 0, 0, 0, 0, 0, 0, 0, 0, 0, 0, 0, 0, 0, 0]"
48,"Même si c’était pour être présenté à <PER> l’Empereur </PER>  et recevoir ses
félicitations, il n’y trouvait aucun plaisir.","[0, 0, 0, 0, 0, 0, 0, 0, 0, 2, 2, 2, 2, 0, 0, 0, 0, 0, 0, 0, 0, 0, 0, 0, 0, 0]"
49,"Il était pour l’Empire –
 enfin, pour la paix et l’unité des mondes formant l’humanité –,
mais il n’était pas pour <PER> l’Empereur </PER> .","[0, 0, 0, 0, 0, 0, 0, 0, 0, 0, 0, 0, 0, 0, 0, 0, 0, 0, 0, 0, 0, 0, 0, 0, 0, 0, 0, 0, 0, 0, 0, 0, 2, 2, 2, 2, 0, 0]"
50,"Le lieutenant le précéda, les deux autres fermant la
marche.","[0, 0, 0, 0, 0, 0, 0, 0, 0, 0, 0, 0, 0, 0, 0]"
51,"<PER> Seldon </PER>  sourit aux passants qu’il croisait, essayant de
prendre un air dégagé.","[2, 2, 2, 0, 0, 0, 0, 0, 0, 0, 0, 0, 0, 0, 0, 0, 0, 0, 0, 0]"
52,"Une fois sortis de l’hôtel, ils montèrent
dans un véhicule terrestre officiel (<PER> Seldon </PER>  caressa de la main les
garnitures intérieures : jamais il n’avait vu quelque chose
d’aussi ouvragé).","[0, 0, 0, 0, 0, 0, 0, 0, 0, 0, 0, 0, 0, 0, 0, 0, 0, 0, 0, 0, 0, 0, 0, 0, 0, 0, 0, 0, 0, 0, 0, 0, 0, 0, 0, 0, 0, 0, 0, 0, 0, 0, 0, 0, 0]"
53,"Ils se trouvaient dans un des secteurs les plus opulents de
Trantor : ici, le dôme était assez haut pour vous donner
l’impression d’être à l’air libre et l’on aurait pu jurer – même
quelqu’un comme <PER> Hari Seldon </PER>  qui était né et avait grandi dans
un monde ouvert – qu’on était à la lumière naturelle.","[0, 0, 0, 0, 0, 0, 0, 0, 0, 0, 0, 0, 0, 0, 0, 0, 0, 0, 0, 0, 0, 0, 0, 0, 0, 0, 0, 0, 0, 0, 0, 0, 0, 0, 0, 0, 0, 0, 0, 0, 0, 0, 0, 0, 0, 0, 0, 0, 0, 0, 0, 0, 0, 2, 2, 2, 2, 2, 0, 0, 0, 0, 0, 0, 0, 0, 0, 0, 0, 0, 0, 0, 0, 0, 0, 0, 0, 0]"
54,"Certes, il
n’y avait ni ombre ni soleil, mais l’air était léger et parfumé.","[0, 0, 0, 0, 0, 0, 0, 0, 0, 0, 0, 0, 0, 0, 0, 0, 0, 0, 0, 0, 0]"
55,"Et puis l’impression se dissipa, la courbure du dôme
s’accentua, les parois se rétrécirent et bientôt ils s’enfonçaient
dans un tunnel confiné, balisé à intervalles réguliers par
l’emblème au Soleil et à l’Astronef et donc réservé (de l’avis de
<PER> Seldon </PER> ) aux véhicules officiels.","[0, 0, 0, 0, 0, 0, 0, 0, 0, 0, 0, 0, 0, 0, 0, 0, 0, 0, 0, 0, 0, 0, 0, 0, 0, 0, 0, 0, 0, 0, 0, 0, 0, 0, 0, 0, 0, 0, 0, 0, 0, 0, 0, 0, 0, 0, 0, 0, 0, 0, 0, 0, 0, 0, 0, 0, 0, 0, 0, 0, 0, 0, 0, 2, 2, 2, 0, 0, 0, 0, 0]"
56,"<PER> Seldon </PER>  fut introduit dans une pièce de taille moyenne,
meublée avec ostentation, où l’attendait un homme d’allure
jeune, assis au coin d’une table dans une alcôve devant une
fenêtre, un pied par terre et l’autre ballant ; il s’étonna qu’un
fonctionnaire pût le considérer avec une attitude si dégagée, si
enjouée.","[2, 2, 2, 0, 0, 0, 0, 0, 0, 0, 0, 0, 0, 0, 0, 0, 0, 0, 0, 0, 0, 0, 0, 0, 0, 0, 0, 0, 0, 0, 0, 0, 0, 0, 0, 0, 0, 0, 0, 0, 0, 0, 0, 0, 0, 0, 0, 0, 0, 0, 0, 0, 0, 0, 0, 0, 0, 0, 0, 0, 0, 0, 0, 0, 0, 0, 0, 0, 0, 0, 0, 0, 0, 0, 0, 0, 0, 0, 0, 0, 0, 0]"
57,"Il avait déjà maintes fois pu constater que les
représentants de l’autorité – et particulièrement ceux de
l’entourage impérial – avaient en permanence l’air grave,
comme si le poids de la Galaxie entière reposait sur leurs
épaules.","[0, 0, 0, 0, 0, 0, 0, 0, 0, 0, 0, 0, 0, 0, 0, 0, 0, 0, 0, 0, 0, 0, 0, 0, 0, 0, 0, 0, 0, 0, 0, 0, 0, 0, 0, 0, 0, 0, 0, 0, 0, 0, 0, 0, 0, 0, 0, 0]"
58,"Et il semblait que moins leur rang était élevé, plus leur
expression était menaçante.","[0, 0, 0, 0, 0, 0, 0, 0, 0, 0, 0, 0, 0, 0, 0, 0, 0]"
59,"Il devait donc s’agir d’un officier placé si haut dans la
hiérarchie, irradié à tel point par le soleil du pouvoir, qu’il
n’éprouvait nullement le besoin de le voiler derrière une
physionomie compassée.","[0, 0, 0, 0, 0, 0, 0, 0, 0, 0, 0, 0, 0, 0, 0, 0, 0, 0, 0, 0, 0, 0, 0, 0, 0, 0, 0, 0, 0, 0, 0, 0, 0, 0, 0, 0, 0, 0, 0, 0, 0, 0, 0, 0, 0, 0, 0, 0, 0, 0, 0, 0]"
60,"<PER> Seldon </PER>  ne savait pas dans quelle mesure il devait avoir l’air
impressionné ; il jugea préférable de garder le silence et de
laisser l’autre entamer la conversation.","[2, 2, 2, 0, 0, 0, 0, 0, 0, 0, 0, 0, 0, 0, 0, 0, 0, 0, 0, 0, 0, 0, 0, 0, 0, 0, 0, 0, 0, 0, 0, 0, 0, 0, 0]"
61,"Le fonctionnaire prit la parole : « Vous êtes <PER> Hari Seldon </PER> ,
n’est-ce pas ?","[0, 0, 0, 0, 0, 0, 0, 0, 0, 2, 2, 2, 2, 2, 0, 0, 0, 0, 0, 0, 0, 0, 0]"
62,Le mathématicien ?,"[0, 0, 0]"
63,"»
      <PER> Seldon </PER>  se contenta de répondre : « Oui, monsieur », puis
attendit.","[0, 2, 2, 2, 0, 0, 0, 0, 0, 0, 0, 0, 0, 0, 0, 0, 0, 0, 0]"
64,Le jeune homme fit un geste du bras.,"[0, 0, 0, 0, 0, 0, 0, 0, 0]"
65,"« Ce devrait être
― <PER> Sire </PER>  ‖, mais j’ai le protocole en horreur.","[0, 0, 0, 0, 0, 0, 2, 2, 2, 0, 0, 0, 0, 0, 0, 0, 0, 0, 0, 0, 0]"
66,"C’est tout ce que
j’obtiens et je commence à m’en lasser.","[0, 0, 0, 0, 0, 0, 0, 0, 0, 0, 0, 0, 0, 0, 0, 0, 0, 0, 0, 0, 0]"
67,"Nous sommes entre
nous ; je vais me faire plaisir et laisser tomber le cérémonial.","[0, 0, 0, 0, 0, 0, 0, 0, 0, 0, 0, 0, 0, 0, 0, 0, 0, 0, 0]"
68,"Asseyez-vous donc, professeur.","[0, 0, 0, 0, 0, 0, 0, 0, 0]"
69,"»
      C’est à mi-tirade que <PER> Seldon </PER>  comprit qu’il s’adressait à
<PER> l’empereur Cléon </PER> , premier du nom, ce qui lui coupa la
respiration.","[0, 0, 0, 0, 0, 0, 0, 0, 0, 0, 2, 2, 2, 0, 0, 0, 0, 0, 0, 0, 0, 0, 2, 2, 2, 2, 2, 2, 0, 0, 0, 0, 0, 0, 0, 0, 0, 0, 0, 0, 0, 0]"
70,"Il y avait effectivement un vague faux air de
ressemblance, maintenant qu’il y regardait de plus près, avec
l’hologramme officiel que l’on voyait constamment aux
informations, mais sur ces portraits, <PER> Cléon </PER> , toujours vêtu de
manière imposante, semblait plus grand, plus noble, les traits
figés.","[0, 0, 0, 0, 0, 0, 0, 0, 0, 0, 0, 0, 0, 0, 0, 0, 0, 0, 0, 0, 0, 0, 0, 0, 0, 0, 0, 0, 0, 0, 0, 0, 0, 0, 0, 0, 0, 0, 0, 0, 0, 2, 2, 2, 0, 0, 0, 0, 0, 0, 0, 0, 0, 0, 0, 0, 0, 0, 0, 0, 0, 0, 0, 0]"
71,"Et voilà qu’il se retrouvait devant l’original, et quelque part
l’homme lui semblait parfaitement ordinaire.","[0, 0, 0, 0, 0, 0, 0, 0, 0, 0, 0, 0, 0, 0, 0, 0, 0, 0, 0, 0, 0, 0, 0]"
72,<PER> Seldon </PER>  ne bougea pas.,"[2, 2, 2, 0, 0, 0, 0, 0]"
73,"<PER> L’Empereur </PER>  esquissa un froncement de sourcils et, avec
cette habitude du commandement toujours présente même
     <PER> Seldon </PER>  éprouva soudain une grande lassitude.","[2, 2, 2, 2, 0, 0, 0, 0, 0, 0, 0, 0, 0, 0, 0, 0, 0, 0, 0, 0, 0, 0, 0, 0, 2, 2, 2, 0, 0, 0, 0, 0, 0, 0]"
74,"C’était à
croire que cette erreur d’interprétation devrait constamment
entacher sa théorie.","[0, 0, 0, 0, 0, 0, 0, 0, 0, 0, 0, 0, 0, 0, 0, 0, 0, 0, 0]"
75,"Peut-être n’aurait-il pas dû présenter son
article.","[0, 0, 0, 0, 0, 0, 0, 0, 0, 0, 0, 0, 0, 0]"
76,"« Non, pas exactement, répondit-il.","[0, 0, 0, 0, 0, 0, 0, 0, 0, 0]"
77,"Ce que j’ai fait est bien
plus limité.","[0, 0, 0, 0, 0, 0, 0, 0, 0, 0, 0]"
78,"Dans de nombreux systèmes, la situation est telle
que, dans certaines conditions, des événements chaotiques
surviennent.","[0, 0, 0, 0, 0, 0, 0, 0, 0, 0, 0, 0, 0, 0, 0, 0, 0, 0, 0, 0, 0]"
79,"Cela signifie que, au-delà d’un certain point, il
devient impossible de prédire leur enchaînement.","[0, 0, 0, 0, 0, 0, 0, 0, 0, 0, 0, 0, 0, 0, 0, 0, 0, 0, 0, 0, 0, 0]"
80,"C’est
également vrai dans le cas de systèmes relativement simples,
mais plus leur complexité s’accroît, plus le risque de chaos
grandit.","[0, 0, 0, 0, 0, 0, 0, 0, 0, 0, 0, 0, 0, 0, 0, 0, 0, 0, 0, 0, 0, 0, 0, 0, 0, 0, 0, 0, 0]"
81,"On a toujours supposé qu’un système aussi complexe
qu’une société humaine était destiné à devenir rapidement
chaotique et, par conséquent, imprévisible.","[0, 0, 0, 0, 0, 0, 0, 0, 0, 0, 0, 0, 0, 0, 0, 0, 0, 0, 0, 0, 0, 0, 0, 0, 0, 0, 0, 0]"
82,"J’ai seulement
démontré qu’en étudiant la société humaine, il est possible de
choisir un point de départ et de faire des hypothèses
appropriées qui supprimeront le chaos.","[0, 0, 0, 0, 0, 0, 0, 0, 0, 0, 0, 0, 0, 0, 0, 0, 0, 0, 0, 0, 0, 0, 0, 0, 0, 0, 0, 0, 0, 0, 0, 0, 0, 0]"
83,"Cela permettra de
prédire l’avenir, non pas en détail, bien sûr, mais dans ses
grandes lignes ; pas avec certitude, mais avec des probabilités
calculables.","[0, 0, 0, 0, 0, 0, 0, 0, 0, 0, 0, 0, 0, 0, 0, 0, 0, 0, 0, 0, 0, 0, 0, 0, 0, 0, 0, 0, 0, 0, 0, 0, 0, 0]"
84,"»
     <PER> L’Empereur </PER> , qui l’avait écouté avec attention, remarqua :
« Mais cela n’équivaut-il pas à une méthode pour prédire
l’avenir ?","[0, 2, 2, 2, 2, 0, 0, 0, 0, 0, 0, 0, 0, 0, 0, 0, 0, 0, 0, 0, 0, 0, 0, 0, 0, 0, 0, 0, 0, 0, 0, 0, 0, 0, 0, 0, 0]"
85,"— Encore une fois, pas exactement.","[0, 0, 0, 0, 0, 0, 0, 0]"
86,"J’ai montré que c’était
possible en théorie, rien de plus.","[0, 0, 0, 0, 0, 0, 0, 0, 0, 0, 0, 0, 0, 0, 0, 0]"
87,"Pour aller plus loin, il nous
faudrait choisir un point de départ adéquat, poser les
hypothèses correctes et trouver ensuite le moyen d’effectuer
l’ensemble des calculs dans un temps fini.","[0, 0, 0, 0, 0, 0, 0, 0, 0, 0, 0, 0, 0, 0, 0, 0, 0, 0, 0, 0, 0, 0, 0, 0, 0, 0, 0, 0, 0, 0, 0, 0, 0, 0, 0, 0, 0, 0]"
88,"Rien dans ma
démonstration ne permet d’entrevoir la solution d’aucun de ces
problèmes.","[0, 0, 0, 0, 0, 0, 0, 0, 0, 0, 0, 0, 0, 0, 0, 0, 0, 0, 0]"
89,"Et même si c’était faisable, nous pourrions, au
mieux, calculer de simples probabilités.","[0, 0, 0, 0, 0, 0, 0, 0, 0, 0, 0, 0, 0, 0, 0, 0, 0, 0, 0, 0, 0]"
90,"Ce n’est pas là prédire,
mais plutôt supposer ce qui est susceptible d’arriver.","[0, 0, 0, 0, 0, 0, 0, 0, 0, 0, 0, 0, 0, 0, 0, 0, 0, 0, 0]"
91,"Tout bon
politicien, tout homme d’affaires, tout individu de quelque
influence doit effectuer ce genre de projection sur l’avenir, et si
possible sans se tromper, sous peine d’échec.","[0, 0, 0, 0, 0, 0, 0, 0, 0, 0, 0, 0, 0, 0, 0, 0, 0, 0, 0, 0, 0, 0, 0, 0, 0, 0, 0, 0, 0, 0, 0, 0, 0, 0, 0, 0, 0, 0, 0]"
92,— Ils le font sans l’aide des mathématiques.,"[0, 0, 0, 0, 0, 0, 0, 0, 0, 0, 0]"
93,— Exact.,"[0, 0, 0, 0]"
94,Par intuition.,"[0, 0, 0]"
95,"— Avec l’outil mathématique adéquat, n’importe qui serait
capable de calculer ces probabilités.","[0, 0, 0, 0, 0, 0, 0, 0, 0, 0, 0, 0, 0, 0, 0, 0, 0, 0, 0, 0]"
96,"Pas besoin de l’oiseau rare
qui réussit grâce à une remarquable intuition.","[0, 0, 0, 0, 0, 0, 0, 0, 0, 0, 0, 0, 0, 0, 0]"
97,— Peut-être.,"[0, 0, 0, 0, 0]"
98,"Mon analyse mathématique implique que
l’ordre doit être sous-jacent à toutes choses, si désordonnées
puissent-elles apparaître, mais elle ne fournit aucun indice
quant à la méthode pour le découvrir.","[0, 0, 0, 0, 0, 0, 0, 0, 0, 0, 0, 0, 0, 0, 0, 0, 0, 0, 0, 0, 0, 0, 0, 0, 0, 0, 0, 0, 0, 0, 0, 0, 0, 0, 0, 0, 0, 0, 0, 0]"
99,"Imaginez... vingt-cinq
millions de mondes, chacun avec ses caractéristiques et sa
culture, chacun significativement différent de tous les autres,
chacun contenant un milliard ou plus d’êtres humains dotés
d’un esprit individuel, et tous ces mondes interagissant
d’innombrables manières, en d’innombrables combinaisons !","[0, 0, 0, 0, 0, 0, 0, 0, 0, 0, 0, 0, 0, 0, 0, 0, 0, 0, 0, 0, 0, 0, 0, 0, 0, 0, 0, 0, 0, 0, 0, 0, 0, 0, 0, 0, 0, 0, 0, 0, 0, 0, 0, 0, 0, 0, 0, 0, 0, 0, 0, 0, 0, 0, 0, 0, 0, 0, 0, 0, 0, 0, 0, 0]"
100,"Même si, en théorie, une analyse psychohistorique est possible,
il est peu probable que ce soit réalisable en pratique.","[0, 0, 0, 0, 0, 0, 0, 0, 0, 0, 0, 0, 0, 0, 0, 0, 0, 0, 0, 0, 0, 0, 0, 0]"
101,— Qu’entendez-vous par « psychohistorique » ?,"[0, 0, 0, 0, 0, 0, 0, 0, 0, 0, 0, 0, 0]"
102,"— J’ai donné à l’évaluation théorique des probabilités
concernant l’avenir le nom de « psychohistoire ».","[0, 0, 0, 0, 0, 0, 0, 0, 0, 0, 0, 0, 0, 0, 0, 0, 0, 0, 0, 0, 0, 0, 0, 0]"
103,"<PER> L’Empereur </PER>  se leva brusquement, gagna l’autre bout de la
pièce, pivota, revint sur ses pas puis s’arrêta devant <PER> Seldon </PER> ,
toujours assis, immobile.","[2, 2, 2, 2, 0, 0, 0, 0, 0, 0, 0, 0, 0, 0, 0, 0, 0, 0, 0, 0, 0, 0, 0, 0, 0, 0, 0, 0, 0, 0, 2, 2, 2, 0, 0, 0, 0, 0, 0, 0]"
104,« Debout !,"[0, 0, 0, 0]"
105,» ordonna-t-il.,"[0, 0, 0, 0, 0, 0, 0]"
106,"<PER> Seldon </PER>  obéit et leva les yeux vers <PER> l’Empereur </PER>  qui le
dominait quelque peu.","[2, 2, 2, 0, 0, 0, 0, 0, 0, 2, 2, 2, 2, 0, 0, 0, 0, 0, 0, 0]"
107,"Il fit un effort pour ne pas baisser le
regard.","[0, 0, 0, 0, 0, 0, 0, 0, 0, 0, 0]"
108,"Enfin, <PER> Cléon </PER>  reprit : « Votre psychohistoire, là... si on
pouvait la rendre praticable, elle serait d’une grande utilité,
non ?","[0, 0, 2, 2, 2, 0, 0, 0, 0, 0, 0, 0, 0, 0, 0, 0, 0, 0, 0, 0, 0, 0, 0, 0, 0, 0, 0, 0, 0, 0, 0, 0, 0, 0]"
109,"— D’une énorme utilité, à l’évidence.","[0, 0, 0, 0, 0, 0, 0, 0, 0, 0, 0, 0]"
110,"Savoir ce que recèle
l’avenir, même d’une manière très générale et probabiliste, voilà
qui constituerait un guide nouveau et merveilleux pour nos
actions, un guide comme l’humanité n’en a jamais eu jusqu’à ce
jour.","[0, 0, 0, 0, 0, 0, 0, 0, 0, 0, 0, 0, 0, 0, 0, 0, 0, 0, 0, 0, 0, 0, 0, 0, 0, 0, 0, 0, 0, 0, 0, 0, 0, 0, 0, 0, 0, 0, 0, 0, 0, 0, 0, 0, 0, 0, 0, 0, 0, 0, 0]"
111,"Mais, évidemment... » Il s’interrompit.","[0, 0, 0, 0, 0, 0, 0, 0, 0, 0, 0]"
112,« Eh bien ?,"[0, 0, 0, 0]"
113,s’impatienta <PER> Cléon </PER> .,"[0, 0, 0, 0, 0, 0, 2, 2, 2, 0, 0]"
114,"— Eh bien, il semblerait que, hormis quelques décideurs,
les résultats de l’analyse psychohistorique devraient demeurer
inconnus du grand public.","[0, 0, 0, 0, 0, 0, 0, 0, 0, 0, 0, 0, 0, 0, 0, 0, 0, 0, 0, 0, 0, 0, 0, 0, 0, 0, 0]"
115,— Inconnus !,"[0, 0, 0, 0, 0]"
116,"s’exclama <PER> Cléon </PER> , avec surprise.","[0, 0, 0, 2, 2, 2, 0, 0, 0, 0, 0]"
117,— C’est évident.,"[0, 0, 0, 0, 0, 0]"
118,Laissez-moi essayer de vous expliquer.,"[0, 0, 0, 0, 0, 0, 0, 0]"
119,"Si
l’on fait une analyse psychohistorique et que ses résultats sont
livrés au public, les diverses émotions et réactions de l’humanité
en seront aussitôt altérées.","[0, 0, 0, 0, 0, 0, 0, 0, 0, 0, 0, 0, 0, 0, 0, 0, 0, 0, 0, 0, 0, 0, 0, 0, 0, 0, 0, 0, 0, 0, 0, 0, 0]"
120,"L’analyse psychohistorique, qui se
fonde sur des émotions et des comportements induits dans

      — Pourquoi auriez-vous besoin de moi pour cela ?","[0, 0, 0, 0, 0, 0, 0, 0, 0, 0, 0, 0, 0, 0, 0, 0, 0, 0, 0, 0, 0, 0, 0, 0, 0, 0, 0, 0, 0]"
121,"Les
spécialistes gouvernementaux pourraient faire ces prédictions-
là eux-mêmes en se passant d’intermédiaire.","[0, 0, 0, 0, 0, 0, 0, 0, 0, 0, 0, 0, 0, 0, 0, 0, 0, 0, 0, 0, 0]"
122,"— Les spécialistes gouvernementaux ne seraient pas aussi
efficaces.","[0, 0, 0, 0, 0, 0, 0, 0, 0, 0, 0]"
123,"Ils font bien des déclarations de ce genre de temps à
autre.","[0, 0, 0, 0, 0, 0, 0, 0, 0, 0, 0, 0, 0]"
124,On ne les croit pas pour autant.,"[0, 0, 0, 0, 0, 0, 0, 0]"
125,"— Pourquoi me croirait-on, moi ?","[0, 0, 0, 0, 0, 0, 0, 0, 0]"
126,— Vous êtes un mathématicien.,"[0, 0, 0, 0, 0, 0]"
127,"Vous auriez calculé le futur
au lieu d’en avoir eu, disons, l’intuition.","[0, 0, 0, 0, 0, 0, 0, 0, 0, 0, 0, 0, 0, 0, 0, 0, 0, 0, 0]"
128,— Mais je ne peux rien calculer de tel !,"[0, 0, 0, 0, 0, 0, 0, 0, 0, 0]"
129,— Et qui le saurait ?,"[0, 0, 0, 0, 0, 0]"
130,» <PER> Cléon </PER>  le fixa en plissant les yeux.,"[0, 2, 2, 2, 0, 0, 0, 0, 0, 0, 0, 0, 0]"
131,Il y eut un silence.,"[0, 0, 0, 0, 0, 0]"
132,<PER> Seldon </PER>  se sentait piégé.,"[2, 2, 2, 0, 0, 0, 0]"
133,"Devant un ordre
direct de <PER> l’Empereur </PER> , serait-il prudent de refuser ?","[0, 0, 0, 0, 0, 2, 2, 2, 2, 0, 0, 0, 0, 0, 0, 0, 0, 0]"
134,"S’il refusait,
il risquait d’être emprisonné ou exécuté.","[0, 0, 0, 0, 0, 0, 0, 0, 0, 0, 0, 0, 0, 0]"
135,"Non sans procès, bien
sûr, mais que de difficultés pour que le jugement aille à
l’encontre des vœux d’une bureaucratie pesante, surtout lorsque
celle-ci est aux ordres de <PER> l’Empereur </PER>  du vaste Empire
galactique !","[0, 0, 0, 0, 0, 0, 0, 0, 0, 0, 0, 0, 0, 0, 0, 0, 0, 0, 0, 0, 0, 0, 0, 0, 0, 0, 0, 0, 0, 0, 0, 0, 0, 0, 0, 0, 0, 0, 0, 0, 2, 2, 2, 2, 0, 0, 0, 0, 0, 0, 0]"
136,"Finalement, il répondit : « Ça ne marcherait pas.","[0, 0, 0, 0, 0, 0, 0, 0, 0, 0, 0, 0]"
137,— Pourquoi ?,"[0, 0, 0]"
138,"— Si encore on me demandait de prédire de vagues
généralités qui ne pourraient raisonnablement se réaliser bien
avant que cette génération, voire la suivante, ait disparu, nous
pourrions peut-être nous en sortir ; mais, dans ce cas, les gens
n’y prêteraient guère attention.","[0, 0, 0, 0, 0, 0, 0, 0, 0, 0, 0, 0, 0, 0, 0, 0, 0, 0, 0, 0, 0, 0, 0, 0, 0, 0, 0, 0, 0, 0, 0, 0, 0, 0, 0, 0, 0, 0, 0, 0, 0, 0, 0, 0, 0, 0, 0, 0, 0, 0, 0, 0, 0, 0, 0, 0]"
139,"Peu leur importerait une
éventualité située un siècle ou deux dans l’avenir.","[0, 0, 0, 0, 0, 0, 0, 0, 0, 0, 0, 0, 0, 0, 0, 0, 0]"
140,"Pour parvenir à des résultats, poursuivit <PER> Seldon </PER> , il me
faudrait prédire des événements aux conséquences plus
directes, plus immédiates.","[0, 0, 0, 0, 0, 0, 0, 0, 2, 2, 2, 0, 0, 0, 0, 0, 0, 0, 0, 0, 0, 0, 0, 0, 0, 0, 0, 0, 0]"
141,"C’est à ceux-là seulement que
réagirait le public.","[0, 0, 0, 0, 0, 0, 0, 0, 0, 0, 0, 0, 0, 0]"
142,"Tôt ou tard, cependant – et sans doute plus
tôt que plus tard –, l’une de ces éventualités ne se réaliserait
pas, ce qui mettrait aussitôt fin à ma crédibilité ; qui plus est,
votre popularité risquerait d’en pâtir du même coup, et, pis que
tout, cela mettrait un terme aux recherches en psychohistoire,
de sorte qu’on ne pourrait plus espérer l’améliorer, même si les
progrès futurs en mathématiques pouvaient contribuer à la
rapprocher d’une application pratique.","[0, 0, 0, 0, 0, 0, 0, 0, 0, 0, 0, 0, 0, 0, 0, 0, 0, 0, 0, 0, 0, 0, 0, 0, 0, 0, 0, 0, 0, 0, 0, 0, 0, 0, 0, 0, 0, 0, 0, 0, 0, 0, 0, 0, 0, 0, 0, 0, 0, 0, 0, 0, 0, 0, 0, 0, 0, 0, 0, 0, 0, 0, 0, 0, 0, 0, 0, 0, 0, 0, 0, 0, 0, 0, 0, 0, 0, 0, 0, 0, 0, 0, 0, 0, 0, 0, 0, 0, 0, 0, 0, 0, 0, 0, 0, 0, 0, 0, 0, 0, 0, 0, 0, 0, 0, 0]"
143,"»
      <PER> Cléon </PER>  se laissa tomber dans un fauteuil et regarda <PER> Seldon </PER> ,
l’air renfrogné.","[0, 2, 2, 2, 0, 0, 0, 0, 0, 0, 0, 0, 2, 2, 2, 0, 0, 0, 0, 0, 0, 0, 0, 0, 0]"
144,"« Est-ce là tout ce dont vous êtes capables, vous
autres mathématiciens ?","[0, 0, 0, 0, 0, 0, 0, 0, 0, 0, 0, 0, 0, 0, 0, 0, 0]"
145,Souligner les impossibilités ?,"[0, 0, 0, 0, 0, 0, 0]"
146,audience privée.,"[0, 0, 0]"
147,Et si j’avais eu l’intention de vous assassiner ?,"[0, 0, 0, 0, 0, 0, 0, 0, 0, 0, 0, 0, 0, 0]"
148,"Ce qui bien sûr n’est pas le cas, <PER> Sire </PER>  », s’empressa-t-il d’ajouter.","[0, 0, 0, 0, 0, 0, 0, 0, 0, 0, 0, 2, 2, 2, 0, 0, 0, 0, 0, 0, 0, 0, 0, 0, 0, 0, 0, 0]"
149,<PER> Cléon </PER>  sourit sans humour.,"[2, 2, 2, 0, 0, 0, 0]"
150,"« Mon ami, vous oubliez notre
minutie – et les progrès techniques.","[0, 0, 0, 0, 0, 0, 0, 0, 0, 0, 0, 0, 0, 0, 0]"
151,"Nous avons étudié votre
biographie, l’ensemble de votre dossier.","[0, 0, 0, 0, 0, 0, 0, 0, 0, 0, 0, 0, 0]"
152,"A votre arrivée, vous
avez été passé au scanner.","[0, 0, 0, 0, 0, 0, 0, 0, 0, 0, 0]"
153,"Votre expression et vos empreintes
vocales ont été analysées.","[0, 0, 0, 0, 0, 0, 0, 0, 0, 0, 0, 0]"
154,"Nous connaissions en détail votre état
émotionnel ; nous connaissions quasiment vos pensées.","[0, 0, 0, 0, 0, 0, 0, 0, 0, 0, 0, 0, 0, 0, 0, 0, 0, 0]"
155,"S’il y
avait eu le moindre doute sur vos intentions, on ne vous aurait
pas permis de m’approcher.","[0, 0, 0, 0, 0, 0, 0, 0, 0, 0, 0, 0, 0, 0, 0, 0, 0, 0, 0, 0, 0, 0, 0, 0]"
156,"En fait, vous ne seriez plus en vie à
l’heure qu’il est.","[0, 0, 0, 0, 0, 0, 0, 0, 0, 0, 0, 0, 0, 0, 0, 0, 0, 0, 0]"
157,"»
      Une vague de nausée submergea <PER> Seldon </PER>  mais il poursuivit :
« Les Exos ont toujours eu des difficultés à approcher les
Empereurs, même lorsque la technique était moins avancée.","[0, 0, 0, 0, 0, 0, 0, 2, 2, 2, 0, 0, 0, 0, 0, 0, 0, 0, 0, 0, 0, 0, 0, 0, 0, 0, 0, 0, 0, 0, 0, 0, 0, 0, 0, 0, 0, 0, 0]"
158,"Or,
presque tous les assassinats sont liés à des révolutions de palais.","[0, 0, 0, 0, 0, 0, 0, 0, 0, 0, 0, 0, 0, 0, 0, 0, 0]"
159,"Pour <PER> l’Empereur </PER> , ce sont les proches qui constituent le plus
grand danger.","[0, 2, 2, 2, 2, 0, 0, 0, 0, 0, 0, 0, 0, 0, 0, 0, 0, 0]"
160,"Contre ce danger, une fouille méticuleuse des
Exos n’est d’aucune utilité.","[0, 0, 0, 0, 0, 0, 0, 0, 0, 0, 0, 0, 0, 0, 0, 0, 0, 0, 0, 0]"
161,"Quant à vos propres fonctionnaires,
vos propres gardes, vos propres intimes, vous ne pouvez les
traiter comme vous m’avez traité.","[0, 0, 0, 0, 0, 0, 0, 0, 0, 0, 0, 0, 0, 0, 0, 0, 0, 0, 0, 0, 0, 0, 0, 0, 0, 0]"
162,"— Ça aussi, je le sais, répondit <PER> Cléon </PER> , et au moins aussi
bien que vous.","[0, 0, 0, 0, 0, 0, 0, 0, 0, 2, 2, 2, 0, 0, 0, 0, 0, 0, 0, 0, 0, 0]"
163,"En fait, je traite mes proches équitablement sans
leur fournir une seule cause de ressentiment.","[0, 0, 0, 0, 0, 0, 0, 0, 0, 0, 0, 0, 0, 0, 0, 0, 0, 0, 0]"
164,"— Quelle absur... », commença <PER> Seldon </PER> , mais il se tut
aussitôt, fort embarrassé.","[0, 0, 0, 0, 0, 0, 0, 2, 2, 2, 0, 0, 0, 0, 0, 0, 0, 0, 0, 0, 0, 0, 0, 0]"
165,"« Continuez, fit <PER> Cléon </PER>  avec colère.","[0, 0, 0, 0, 0, 2, 2, 2, 0, 0, 0]"
166,"Je vous ai donné
l’autorisation de parler librement.","[0, 0, 0, 0, 0, 0, 0, 0, 0, 0, 0]"
167,Qu’ai-je dit d’absurde ?,"[0, 0, 0, 0, 0, 0, 0, 0, 0, 0]"
168,"— Le mot m’a échappé, <PER> Sire </PER> .","[0, 0, 0, 0, 0, 0, 0, 0, 2, 2, 2, 0, 0]"
169,"Je voulais dire
« inappropriée ».","[0, 0, 0, 0, 0, 0, 0]"
170,"Cette façon de traiter vos intimes est
inappropriée.","[0, 0, 0, 0, 0, 0, 0, 0, 0, 0]"
171,"Vous devez être soupçonneux ; il serait inhumain
de ne pas l’être.","[0, 0, 0, 0, 0, 0, 0, 0, 0, 0, 0, 0, 0, 0, 0, 0]"
172,"Un geste ou un mot imprudent, tel que celui
que je viens d’employer, une expression douteuse, et vous voilà
aussitôt sur la défensive, le regard inquisiteur.","[0, 0, 0, 0, 0, 0, 0, 0, 0, 0, 0, 0, 0, 0, 0, 0, 0, 0, 0, 0, 0, 0, 0, 0, 0, 0, 0, 0, 0, 0, 0, 0, 0, 0, 0, 0, 0, 0, 0]"
173,"Et la moindre
trace de méfiance met en branle un cercle vicieux.","[0, 0, 0, 0, 0, 0, 0, 0, 0, 0, 0, 0, 0]"
174,"L’intime va
déceler cette méfiance, d’où ressentiment de sa part et
modification du comportement, malgré tous ses efforts pour
l’éviter.","[0, 0, 0, 0, 0, 0, 0, 0, 0, 0, 0, 0, 0, 0, 0, 0, 0, 0, 0, 0, 0, 0, 0, 0, 0, 0, 0, 0, 0, 0, 0]"
175,"Vous le décelez à votre tour, ce qui accroît vos soupçons,
et en fin de compte, votre interlocuteur est exécuté ou vous êtes
assassiné.","[0, 0, 0, 0, 0, 0, 0, 0, 0, 0, 0, 0, 0, 0, 0, 0, 0, 0, 0, 0, 0, 0, 0, 0, 0, 0, 0, 0, 0, 0, 0, 0]"
176,"Ce processus s’est révélé inéluctable pour les
Empereurs des quatre derniers siècles, et ce n’est jamais qu’un
      — Êtes-vous venu pour m’apprendre que l’Empire est
vaste ?","[0, 0, 0, 0, 0, 0, 0, 0, 0, 0, 0, 0, 0, 0, 0, 0, 0, 0, 0, 0, 0, 0, 0, 0, 0, 0, 0, 0, 0, 0, 0, 0, 0, 0, 0, 0, 0, 0, 0, 0, 0, 0, 0, 0]"
177,"Qu’entendez-vous par là, en disant que cet homme est
comme un cheval fou ?","[0, 0, 0, 0, 0, 0, 0, 0, 0, 0, 0, 0, 0, 0, 0, 0, 0, 0, 0, 0]"
178,"— Simplement qu’il peut faire beaucoup de mal sans en
avoir nécessairement l’intention.","[0, 0, 0, 0, 0, 0, 0, 0, 0, 0, 0, 0, 0, 0, 0, 0, 0, 0]"
179,"Il ne connaît pas sa propre
force.","[0, 0, 0, 0, 0, 0, 0, 0]"
180,Ni son importance.,"[0, 0, 0, 0]"
181,"— Vous avez déduit cela tout seul, <PER> Demerzel </PER>  ?","[0, 0, 0, 0, 0, 0, 0, 0, 2, 2, 2, 2, 0]"
182,"— Oui, <PER> Sire </PER> .","[0, 0, 0, 2, 2, 2, 0, 0]"
183,C’est un provincial.,"[0, 0, 0, 0, 0, 0]"
184,"Il ne connaît pas Trantor,
ni ses usages.","[0, 0, 0, 0, 0, 0, 0, 0, 0, 0, 0]"
185,"Il n’est encore jamais venu sur notre planète, il
ignore les bonnes manières, les façons d’un courtisan.","[0, 0, 0, 0, 0, 0, 0, 0, 0, 0, 0, 0, 0, 0, 0, 0, 0, 0, 0, 0, 0, 0, 0, 0, 0, 0]"
186,"Pourtant,
il vous a tenu tête.","[0, 0, 0, 0, 0, 0, 0, 0]"
187,— Et pourquoi pas ?,"[0, 0, 0, 0, 0]"
188,"Je lui avais donné l’autorisation de
parler.","[0, 0, 0, 0, 0, 0, 0, 0, 0, 0]"
189,J’ai laissé tomber le protocole.,"[0, 0, 0, 0, 0, 0, 0, 0]"
190,Je l’ai traité en égal.,"[0, 0, 0, 0, 0, 0, 0, 0]"
191,"— Pas tout à fait, <PER> Sire </PER> .","[0, 0, 0, 0, 0, 0, 2, 2, 2, 0, 0]"
192,"Ce n’est pas dans votre nature de
traiter les autres en égaux.","[0, 0, 0, 0, 0, 0, 0, 0, 0, 0, 0, 0, 0, 0, 0]"
193,"Vous avez l’habitude du
commandement.","[0, 0, 0, 0, 0, 0, 0, 0]"
194,"Et même si vous vouliez mettre les gens à
l’aise, peu d’entre eux parviendraient à se détendre.","[0, 0, 0, 0, 0, 0, 0, 0, 0, 0, 0, 0, 0, 0, 0, 0, 0, 0, 0, 0, 0, 0, 0, 0, 0]"
195,"La plupart
resteraient sans voix ou, pire, se montreraient serviles ou
flagorneurs.","[0, 0, 0, 0, 0, 0, 0, 0, 0, 0, 0, 0, 0, 0, 0, 0, 0, 0, 0, 0]"
196,"Or, cet homme vous a tenu tête.","[0, 0, 0, 0, 0, 0, 0, 0, 0]"
197,"— Eh bien, vous pouvez admirer son attitude, <PER> Demerzel </PER> ,
mais il ne me plaît pas.","[0, 0, 0, 0, 0, 0, 0, 0, 0, 0, 2, 2, 2, 2, 0, 0, 0, 0, 0, 0, 0, 0, 0]"
198,« <PER> Cléon </PER>  semblait songeur et mécontent.,"[0, 2, 2, 2, 0, 0, 0, 0, 0, 0]"
199,"« Avez-vous remarqué qu’il n’a fait aucun effort pour
m’expliquer ses mathématiques ?","[0, 0, 0, 0, 0, 0, 0, 0, 0, 0, 0, 0, 0, 0, 0, 0, 0, 0, 0, 0, 0]"
200,"Comme s’il savait que je n’en
saisirais pas un traître mot.","[0, 0, 0, 0, 0, 0, 0, 0, 0, 0, 0, 0, 0, 0, 0, 0, 0]"
201,"— Ce qui aurait été le cas, <PER> Sire </PER> .","[0, 0, 0, 0, 0, 0, 0, 0, 2, 2, 2, 0, 0]"
202,"Vous n’êtes pas un
mathématicien, ni un scientifique, ni un artiste.","[0, 0, 0, 0, 0, 0, 0, 0, 0, 0, 0, 0, 0, 0, 0, 0]"
203,"Il y a quantité
de domaines de la connaissance où d’autres en savent plus que
vous.","[0, 0, 0, 0, 0, 0, 0, 0, 0, 0, 0, 0, 0, 0, 0, 0, 0, 0, 0]"
204,"C’est leur tâche d’utiliser leurs connaissances pour vous
servir.","[0, 0, 0, 0, 0, 0, 0, 0, 0, 0, 0, 0, 0, 0]"
205,"Vous êtes <PER> l’Empereur </PER> , ce qui vaut bien toutes leurs
spécialités réunies.","[0, 0, 2, 2, 2, 2, 0, 0, 0, 0, 0, 0, 0, 0, 0, 0, 0]"
206,— Croyez-vous ?,"[0, 0, 0, 0, 0]"
207,"Je ne verrais pas d’inconvénient à me
sentir ignorant devant un vieillard ayant accumulé les
connaissances au cours des ans.","[0, 0, 0, 0, 0, 0, 0, 0, 0, 0, 0, 0, 0, 0, 0, 0, 0, 0, 0, 0, 0, 0, 0, 0]"
208,"Mais cet homme, <PER> Seldon </PER> , ajuste
mon âge.","[0, 0, 0, 0, 2, 2, 2, 0, 0, 0, 0, 0, 0, 0]"
209,Comment peut-il en savoir autant ?,"[0, 0, 0, 0, 0, 0, 0, 0]"
210,"— Il n’a pas eu à apprendre l’habitude du commandement,
l’art de prendre une décision qui affectera la vie des autres.","[0, 0, 0, 0, 0, 0, 0, 0, 0, 0, 0, 0, 0, 0, 0, 0, 0, 0, 0, 0, 0, 0, 0, 0, 0, 0, 0, 0, 0, 0]"
211,"— Parfois, <PER> Demerzel </PER> , je me demande si vous ne vous
moquez pas de moi.","[0, 0, 0, 2, 2, 2, 2, 0, 0, 0, 0, 0, 0, 0, 0, 0, 0, 0, 0, 0, 0, 0]"
212,— <PER> Sire </PER>  !,"[0, 2, 2, 2, 0]"
213,protesta <PER> Demerzel </PER> .,"[0, 0, 0, 2, 2, 2, 2, 0, 0]"
214,"— Oui, mais s’il se fait récupérer entre-temps par un de
mes ennemis, disons plutôt un ennemi de l’Empire, car, après
tout, je suis l’Empire, ou si – de son propre chef – il décide de
servir un ennemi... Je n’écarte pas cette hypothèse, voyez-vous.","[0, 0, 0, 0, 0, 0, 0, 0, 0, 0, 0, 0, 0, 0, 0, 0, 0, 0, 0, 0, 0, 0, 0, 0, 0, 0, 0, 0, 0, 0, 0, 0, 0, 0, 0, 0, 0, 0, 0, 0, 0, 0, 0, 0, 0, 0, 0, 0, 0, 0, 0, 0, 0, 0, 0, 0, 0, 0, 0, 0, 0, 0, 0, 0, 0, 0, 0]"
215,— Et vous avez parfaitement raison.,"[0, 0, 0, 0, 0, 0, 0]"
216,"Je veillerai à ce que
cela n’arrive pas, mais si, contre toute attente, cela devait se
produire, mieux vaudrait encore que personne ne profite de ses
services plutôt que les voir tomber en de mauvaises mains.","[0, 0, 0, 0, 0, 0, 0, 0, 0, 0, 0, 0, 0, 0, 0, 0, 0, 0, 0, 0, 0, 0, 0, 0, 0, 0, 0, 0, 0, 0, 0, 0, 0, 0, 0, 0, 0, 0, 0, 0, 0, 0, 0, 0]"
217,"»
     <PER> Cléon </PER>  paraissait mal à l’aise.","[0, 2, 2, 2, 0, 0, 0, 0, 0, 0, 0]"
218,"« Je m’en remets entièrement
à vous, <PER> Demerzel </PER> , mais j’espère que nous n’agirons pas avec
trop de hâte.","[0, 0, 0, 0, 0, 0, 0, 0, 0, 0, 0, 2, 2, 2, 2, 0, 0, 0, 0, 0, 0, 0, 0, 0, 0, 0, 0, 0, 0, 0, 0, 0, 0]"
219,"Il pourrait n’être, après tout, que l’inventeur d’une
théorie dépourvue de toute espèce d’application pratique.","[0, 0, 0, 0, 0, 0, 0, 0, 0, 0, 0, 0, 0, 0, 0, 0, 0, 0, 0, 0, 0, 0, 0, 0, 0, 0, 0]"
220,"— C’est fort possible, <PER> Sire </PER> , mais il serait plus prudent de
partir de l’idée que l’homme est – ou pourrait être – important.","[0, 0, 0, 0, 0, 0, 0, 2, 2, 2, 0, 0, 0, 0, 0, 0, 0, 0, 0, 0, 0, 0, 0, 0, 0, 0, 0, 0, 0, 0, 0, 0, 0, 0, 0]"
221,"Nous n’aurons perdu au plus qu’un peu de temps si jamais nous
découvrons que nous nous sommes préoccupés d’une non-
entité.","[0, 0, 0, 0, 0, 0, 0, 0, 0, 0, 0, 0, 0, 0, 0, 0, 0, 0, 0, 0, 0, 0, 0, 0, 0, 0, 0, 0, 0, 0, 0]"
222,"Nous risquons de perdre une Galaxie si nous découvrons
que nous avons ignoré quelqu’un d’important.","[0, 0, 0, 0, 0, 0, 0, 0, 0, 0, 0, 0, 0, 0, 0, 0, 0, 0, 0, 0, 0, 0]"
223,"— Fort bien, si vous le dites... mais j’espère que je n’aurai
pas à connaître les détails – s’ils s’avéraient déplaisants.","[0, 0, 0, 0, 0, 0, 0, 0, 0, 0, 0, 0, 0, 0, 0, 0, 0, 0, 0, 0, 0, 0, 0, 0, 0, 0, 0, 0, 0, 0, 0, 0, 0, 0, 0, 0]"
224,"— Espérons que ce ne sera pas le cas », répondit <PER> Demerzel </PER> .","[0, 0, 0, 0, 0, 0, 0, 0, 0, 0, 0, 2, 2, 2, 2, 0, 0]"
225,"<PER> Seldon </PER>  avait eu une soirée, une nuit et une partie de la
matinée pour se remettre de son entrevue avec <PER> l’Empereur </PER> .","[2, 2, 2, 0, 0, 0, 0, 0, 0, 0, 0, 0, 0, 0, 0, 0, 0, 0, 0, 0, 0, 0, 0, 2, 2, 2, 2, 0, 0]"
226,"Du
moins l’éclairage des passages, des trottoirs roulants, des places
et des parcs du secteur impérial de Trantor s’était modifié
plusieurs fois, donnant l’impression qu’une soirée, une nuit et
une partie de la matinée s’étaient écoulés.","[0, 0, 0, 0, 0, 0, 0, 0, 0, 0, 0, 0, 0, 0, 0, 0, 0, 0, 0, 0, 0, 0, 0, 0, 0, 0, 0, 0, 0, 0, 0, 0, 0, 0, 0, 0, 0, 0, 0, 0, 0, 0, 0, 0, 0, 0, 0, 0, 0, 0, 0, 0, 0, 0]"
227,"Il se trouvait à présent dans un petit parc, installé sur un
siège en plastique qui se moulait exactement à son anatomie et
se révélait confortable.","[0, 0, 0, 0, 0, 0, 0, 0, 0, 0, 0, 0, 0, 0, 0, 0, 0, 0, 0, 0, 0, 0, 0, 0, 0, 0, 0, 0, 0, 0, 0]"
228,"A en juger par la lumière, c’était le
milieu de la matinée et l’air était juste assez frais pour paraître
vivifiant sans pour autant être piquant.","[0, 0, 0, 0, 0, 0, 0, 0, 0, 0, 0, 0, 0, 0, 0, 0, 0, 0, 0, 0, 0, 0, 0, 0, 0, 0, 0, 0, 0, 0, 0, 0, 0]"
229,En allait-il toujours ainsi ?,"[0, 0, 0, 0, 0, 0, 0]"
230,"Il songea au jour gris, au-
dehors, quand il était allé voir <PER> l’Empereur </PER> .","[0, 0, 0, 0, 0, 0, 0, 0, 0, 0, 0, 0, 0, 0, 0, 0, 2, 2, 2, 2, 0, 0]"
231,"Et il songea à tous les
jours gris et froids, aux jours torrides, ou pluvieux, ou neigeux,
sur Hélicon, sa planète, et se demanda si ces alternances de
      Vraiment, par toute la Galaxie on parlait de Trantor
comme d’un monde artificiel de métal et de céramique, mais
cette petite enclave paraissait tout à fait rustique.","[0, 0, 0, 0, 0, 0, 0, 0, 0, 0, 0, 0, 0, 0, 0, 0, 0, 0, 0, 0, 0, 0, 0, 0, 0, 0, 0, 0, 0, 0, 0, 0, 0, 0, 0, 0, 0, 0, 0, 0, 0, 0, 0, 0, 0, 0, 0, 0, 0, 0, 0, 0, 0, 0, 0, 0, 0, 0, 0, 0, 0, 0, 0, 0, 0, 0, 0, 0, 0, 0, 0, 0, 0, 0, 0, 0]"
232,"Les quelques rares badauds qui profitaient du parc
portaient tous des chapeaux légers, parfois tout petits.","[0, 0, 0, 0, 0, 0, 0, 0, 0, 0, 0, 0, 0, 0, 0, 0, 0, 0, 0, 0, 0]"
233,"Il y avait
également un joli brin de jeune femme, non loin de là, mais elle
était penchée sur un visionneur et il ne pouvait distinguer ses
traits.","[0, 0, 0, 0, 0, 0, 0, 0, 0, 0, 0, 0, 0, 0, 0, 0, 0, 0, 0, 0, 0, 0, 0, 0, 0, 0, 0, 0, 0, 0, 0, 0, 0]"
234,"Un homme passa, lui jeta un bref coup d’œil dénué de
curiosité, puis s’assit sur une chaise en face de lui et se plongea
dans une liasse de télécopies, croisant ses jambes revêtues d’un
pantalon rosé étroit.","[0, 0, 0, 0, 0, 0, 0, 0, 0, 0, 0, 0, 0, 0, 0, 0, 0, 0, 0, 0, 0, 0, 0, 0, 0, 0, 0, 0, 0, 0, 0, 0, 0, 0, 0, 0, 0, 0, 0, 0, 0, 0, 0, 0, 0, 0, 0, 0, 0, 0, 0, 0, 0, 0]"
235,"Assez curieusement, il y avait chez les
hommes une tendance aux teintes pastel, alors que les femmes
étaient plutôt vêtues de blanc.","[0, 0, 0, 0, 0, 0, 0, 0, 0, 0, 0, 0, 0, 0, 0, 0, 0, 0, 0, 0, 0, 0, 0, 0, 0, 0, 0]"
236,"Vu la propreté de
l’environnement, il était logique de porter des couleurs claires.","[0, 0, 0, 0, 0, 0, 0, 0, 0, 0, 0, 0, 0, 0, 0, 0, 0]"
237,"<PER> Seldon </PER>  baissa les yeux, amusé, pour contempler son costume
héliconien, où dominait le brun passé.","[2, 2, 2, 0, 0, 0, 0, 0, 0, 0, 0, 0, 0, 0, 0, 0, 0, 0, 0, 0, 0, 0, 0, 0, 0]"
238,"S’il devait rester sur
Trantor – ce qui n’était pas le cas –, il lui faudrait s’acheter une
garde-robe adéquate, sous peine de devenir un objet de
curiosité, de risée ou de répulsion.","[0, 0, 0, 0, 0, 0, 0, 0, 0, 0, 0, 0, 0, 0, 0, 0, 0, 0, 0, 0, 0, 0, 0, 0, 0, 0, 0, 0, 0, 0, 0, 0, 0, 0, 0, 0, 0, 0, 0, 0, 0, 0, 0, 0, 0, 0, 0, 0]"
239,"L’homme aux télécopies, par
exemple, l’avait examiné, cette fois-ci avec plus de curiosité,
sans doute intrigué par sa mise exotique.","[0, 0, 0, 0, 0, 0, 0, 0, 0, 0, 0, 0, 0, 0, 0, 0, 0, 0, 0, 0, 0, 0, 0, 0, 0, 0, 0, 0, 0, 0, 0, 0, 0]"
240,<PER> Seldon </PER>  fut soulagé de ne pas le voir sourire.,"[2, 2, 2, 0, 0, 0, 0, 0, 0, 0, 0, 0]"
241,"Il pouvait
accepter avec philosophie d’être la cible des railleurs mais qu’on
n’espère pas qu’il en tire plaisir.","[0, 0, 0, 0, 0, 0, 0, 0, 0, 0, 0, 0, 0, 0, 0, 0, 0, 0, 0, 0, 0, 0, 0, 0, 0, 0, 0, 0]"
242,"<PER> Seldon </PER>  fixa l’homme sans se gêner, car celui-ci semblait
engagé dans quelque débat intérieur.","[2, 2, 2, 0, 0, 0, 0, 0, 0, 0, 0, 0, 0, 0, 0, 0, 0, 0, 0, 0, 0, 0, 0]"
243,"Un instant, il donna
l’impression d’être sur le point de parler, puis il parut se raviser,
puis sembla vouloir prendre à nouveau la parole.","[0, 0, 0, 0, 0, 0, 0, 0, 0, 0, 0, 0, 0, 0, 0, 0, 0, 0, 0, 0, 0, 0, 0, 0, 0, 0, 0, 0, 0, 0, 0, 0, 0, 0]"
244,"<PER> Seldon </PER>  se
demanda quelle serait sa prochaine réaction.","[2, 2, 2, 0, 0, 0, 0, 0, 0, 0, 0]"
245,Il étudia l’homme.,"[0, 0, 0, 0, 0, 0, 0, 0]"
246,"Il était grand, les épaule larges, pas de
signe d’embonpoint, cheveux châtains, rasé de près, l’expression
grave, un air de vigueur bien qu’aucun muscle ne saillît, des
traits un rien burinés – agréables mais sans rien de « joli ».","[0, 0, 0, 0, 0, 0, 0, 0, 0, 0, 0, 0, 0, 0, 0, 0, 0, 0, 0, 0, 0, 0, 0, 0, 0, 0, 0, 0, 0, 0, 0, 0, 0, 0, 0, 0, 0, 0, 0, 0, 0, 0, 0, 0, 0, 0, 0, 0, 0, 0, 0, 0, 0, 0, 0, 0, 0, 0, 0, 0, 0]"
247,"Alors que l’homme avait fini par perdre son combat avec
lui-même (ou par le gagner peut-être) et se penchait vers lui,
<PER> Seldon </PER>  avait déjà décidé qu’il lui plaisait.","[0, 0, 0, 0, 0, 0, 0, 0, 0, 0, 0, 0, 0, 0, 0, 0, 0, 0, 0, 0, 0, 0, 0, 0, 0, 0, 0, 0, 0, 0, 0, 2, 2, 2, 0, 0, 0, 0, 0, 0, 0, 0, 0]"
248,"L’homme demanda : « Pardonnez-moi, mais étiez-vous au
Congrès décennal ?","[0, 0, 0, 0, 0, 0, 0, 0, 0, 0, 0, 0, 0, 0, 0, 0, 0, 0, 0, 0, 0, 0]"
249,De mathématiques ?,"[0, 0, 0]"
250,"— Oui, j’y étais, répondit <PER> Seldon </PER> , affable.","[0, 0, 0, 0, 0, 0, 0, 0, 0, 2, 2, 2, 0, 0, 0, 0, 0]"
251,<PER> Hummin </PER>  acquiesça.,"[2, 2, 2, 0, 0, 0, 0, 0]"
252,"« J’en ai ras le bol de collationner
toutes les sottises émanant de toutes les planètes.","[0, 0, 0, 0, 0, 0, 0, 0, 0, 0, 0, 0, 0, 0, 0, 0, 0, 0, 0, 0, 0, 0, 0]"
253,"Je hais cette
spirale descendante.","[0, 0, 0, 0, 0, 0, 0, 0]"
254,"»
      Il jeta sur <PER> Seldon </PER>  un regard spéculatif.","[0, 0, 0, 0, 0, 2, 2, 2, 0, 0, 0, 0, 0]"
255,"« Parfois, pourtant,
on pêche quelque chose d’intéressant.","[0, 0, 0, 0, 0, 0, 0, 0, 0, 0, 0, 0, 0]"
256,"J’ai appris qu’on vous
avait vu en compagnie d’un garde impérial, vous dirigeant vers
la porte du Palais.","[0, 0, 0, 0, 0, 0, 0, 0, 0, 0, 0, 0, 0, 0, 0, 0, 0, 0, 0, 0, 0, 0, 0, 0, 0, 0]"
257,"Vous n’auriez pas, par le plus grand des
hasards, été reçu par <PER> l’Empereur </PER> , non ?","[0, 0, 0, 0, 0, 0, 0, 0, 0, 0, 0, 0, 0, 0, 0, 0, 0, 0, 2, 2, 2, 2, 0, 0, 0, 0]"
258,"»
      Le sourire déserta le visage de <PER> Seldon </PER> .","[0, 0, 0, 0, 0, 0, 0, 0, 2, 2, 2, 0, 0]"
259,"C’est avec lenteur
qu’il répondit : « Si tel avait été le cas, ce ne serait certes pas un
sujet que je confierais pour publication.","[0, 0, 0, 0, 0, 0, 0, 0, 0, 0, 0, 0, 0, 0, 0, 0, 0, 0, 0, 0, 0, 0, 0, 0, 0, 0, 0, 0, 0, 0, 0, 0]"
260,"— Non, non, pas question de publication.","[0, 0, 0, 0, 0, 0, 0, 0, 0, 0]"
261,"Si vous ignorez la
chose, <PER> Seldon </PER> , laissez-moi être le premier à vous l’apprendre : la
règle première du jeu de l’info est qu’on ne dit jamais rien sur
<PER> l’Empereur </PER>  ou son entourage personnel, hormis ce qui émane
des communiqués officiels.","[0, 0, 0, 0, 0, 0, 0, 2, 2, 2, 0, 0, 0, 0, 0, 0, 0, 0, 0, 0, 0, 0, 0, 0, 0, 0, 0, 0, 0, 0, 0, 0, 0, 0, 0, 0, 0, 0, 0, 0, 0, 0, 2, 2, 2, 2, 0, 0, 0, 0, 0, 0, 0, 0, 0, 0, 0, 0, 0, 0]"
262,"C’est une erreur, bien sûr, parce que
des bruits courent et qu’ils sont pires que la vérité, mais les
choses sont ainsi.","[0, 0, 0, 0, 0, 0, 0, 0, 0, 0, 0, 0, 0, 0, 0, 0, 0, 0, 0, 0, 0, 0, 0, 0, 0, 0, 0, 0, 0, 0]"
263,"— Mais si vous ne pouvez pas en parler, l’ami, pourquoi me
poser la question ?","[0, 0, 0, 0, 0, 0, 0, 0, 0, 0, 0, 0, 0, 0, 0, 0, 0, 0, 0, 0]"
264,— Simple curiosité personnelle.,"[0, 0, 0, 0, 0]"
265,"Croyez-moi, dans mon
boulot, j’en sais bien plus que n’en diffusent les ondes.","[0, 0, 0, 0, 0, 0, 0, 0, 0, 0, 0, 0, 0, 0, 0, 0, 0, 0, 0, 0, 0, 0, 0]"
266,"Laissez-
moi deviner.","[0, 0, 0, 0, 0]"
267,"Je n’ai pas suivi votre communication mais j’ai cru
comprendre que vous parliez de la possibilité de prédire
l’avenir ?","[0, 0, 0, 0, 0, 0, 0, 0, 0, 0, 0, 0, 0, 0, 0, 0, 0, 0, 0, 0, 0, 0, 0, 0, 0, 0, 0, 0]"
268,"»
      <PER> Seldon </PER>  secoua la tête et marmonna : « C’était une erreur.","[0, 2, 2, 2, 0, 0, 0, 0, 0, 0, 0, 0, 0, 0, 0, 0, 0, 0, 0]"
269,— Je vous demande pardon ?,"[0, 0, 0, 0, 0, 0]"
270,— Rien.,"[0, 0, 0]"
271,"— Eh bien, la prédiction – une prédiction précise –
 intéresserait <PER> l’Empereur </PER> , ou tout homme au pouvoir ; j’en
déduis donc que <PER> Cléon </PER> , premier du nom, vous a interrogé là-
dessus en vous demandant si vous ne vouliez pas lui offrir
quelques prédictions.","[0, 0, 0, 0, 0, 0, 0, 0, 0, 0, 0, 0, 0, 2, 2, 2, 2, 0, 0, 0, 0, 0, 0, 0, 0, 0, 0, 0, 0, 0, 0, 0, 0, 2, 2, 2, 0, 0, 0, 0, 0, 0, 0, 0, 0, 0, 0, 0, 0, 0, 0, 0, 0, 0, 0, 0, 0, 0, 0, 0, 0, 0]"
272,"— Je n’ai pas l’intention de discuter de ça », fit <PER> Seldon </PER> ,
crispé.","[0, 0, 0, 0, 0, 0, 0, 0, 0, 0, 0, 0, 0, 0, 0, 2, 2, 2, 0, 0, 0, 0, 0]"
273,<PER> Hummin </PER>  esquissa un haussement d’épaules.,"[2, 2, 2, 0, 0, 0, 0, 0, 0, 0, 0, 0, 0, 0]"
274,"«  <PER> Eto
Demerzel </PER>  était là, je suppose.","[0, 2, 2, 2, 2, 2, 2, 0, 0, 0, 0, 0, 0]"
275,— Qui ça ?,"[0, 0, 0, 0]"
276,— Vous n’avez jamais entendu parler d’ <PER> Eto Demerzel </PER>  ?,"[0, 0, 0, 0, 0, 0, 0, 0, 0, 0, 2, 2, 2, 2, 2, 2, 0]"
277,— Jamais.,"[0, 0, 0]"
